eventId,eventName,countryName,count,rankType
222,2x2x2 Cube,Argentina,2,Single
222,2x2x2 Cube,Australia,4,Average
222,2x2x2 Cube,Australia,11,Single
222,2x2x2 Cube,Austria,1,Average
222,2x2x2 Cube,Austria,1,Single
222,2x2x2 Cube,Bolivia,1,Single
222,2x2x2 Cube,Brazil,1,Average
222,2x2x2 Cube,Canada,2,Average
222,2x2x2 Cube,Canada,4,Single
222,2x2x2 Cube,Chile,1,Average
222,2x2x2 Cube,China,13,Average
222,2x2x2 Cube,China,5,Single
222,2x2x2 Cube,Chinese Taipei,2,Single
222,2x2x2 Cube,Colombia,1,Average
222,2x2x2 Cube,Denmark,2,Average
222,2x2x2 Cube,Denmark,1,Single
222,2x2x2 Cube,Estonia,1,Single
222,2x2x2 Cube,France,2,Average
222,2x2x2 Cube,Georgia,1,Average
222,2x2x2 Cube,Georgia,1,Single
222,2x2x2 Cube,Germany,2,Average
222,2x2x2 Cube,Germany,3,Single
222,2x2x2 Cube,Greece,1,Average
222,2x2x2 Cube,Greece,1,Single
222,2x2x2 Cube,"Hong Kong, China",1,Average
222,2x2x2 Cube,Hungary,1,Average
222,2x2x2 Cube,India,3,Average
222,2x2x2 Cube,India,3,Single
222,2x2x2 Cube,Ireland,1,Average
222,2x2x2 Cube,Israel,1,Average
222,2x2x2 Cube,Italy,1,Single
222,2x2x2 Cube,Latvia,1,Single
222,2x2x2 Cube,Malaysia,1,Average
222,2x2x2 Cube,Mexico,1,Average
222,2x2x2 Cube,Mexico,5,Single
222,2x2x2 Cube,Netherlands,1,Average
222,2x2x2 Cube,Netherlands,3,Single
222,2x2x2 Cube,New Zealand,1,Average
222,2x2x2 Cube,New Zealand,4,Single
222,2x2x2 Cube,Norway,4,Average
222,2x2x2 Cube,Norway,2,Single
222,2x2x2 Cube,Peru,1,Single
222,2x2x2 Cube,Poland,10,Average
222,2x2x2 Cube,Poland,21,Single
222,2x2x2 Cube,Republic of Korea,1,Average
222,2x2x2 Cube,Republic of Korea,1,Single
222,2x2x2 Cube,Romania,2,Average
222,2x2x2 Cube,Romania,2,Single
222,2x2x2 Cube,Russia,3,Average
222,2x2x2 Cube,Russia,2,Single
222,2x2x2 Cube,Singapore,1,Average
222,2x2x2 Cube,Singapore,1,Single
222,2x2x2 Cube,Slovakia,1,Single
222,2x2x2 Cube,South Africa,1,Single
222,2x2x2 Cube,Spain,1,Single
222,2x2x2 Cube,Sweden,3,Average
222,2x2x2 Cube,Sweden,2,Single
222,2x2x2 Cube,Switzerland,1,Single
222,2x2x2 Cube,Thailand,1,Average
222,2x2x2 Cube,United Kingdom,3,Average
222,2x2x2 Cube,United Kingdom,3,Single
222,2x2x2 Cube,United States,34,Average
222,2x2x2 Cube,United States,20,Single
333,3x3x3 Cube,Argentina,1,Single
333,3x3x3 Cube,Australia,5,Average
333,3x3x3 Cube,Australia,4,Single
333,3x3x3 Cube,Brazil,2,Average
333,3x3x3 Cube,Brazil,1,Single
333,3x3x3 Cube,Canada,4,Average
333,3x3x3 Cube,Canada,4,Single
333,3x3x3 Cube,Chile,1,Average
333,3x3x3 Cube,Chile,2,Single
333,3x3x3 Cube,China,23,Average
333,3x3x3 Cube,China,16,Single
333,3x3x3 Cube,Chinese Taipei,1,Average
333,3x3x3 Cube,Chinese Taipei,2,Single
333,3x3x3 Cube,Denmark,1,Average
333,3x3x3 Cube,Denmark,1,Single
333,3x3x3 Cube,Dominican Republic,1,Single
333,3x3x3 Cube,France,1,Average
333,3x3x3 Cube,France,2,Single
333,3x3x3 Cube,Germany,3,Average
333,3x3x3 Cube,Germany,2,Single
333,3x3x3 Cube,Greece,1,Average
333,3x3x3 Cube,"Hong Kong, China",1,Single
333,3x3x3 Cube,Indonesia,1,Average
333,3x3x3 Cube,Indonesia,1,Single
333,3x3x3 Cube,Ireland,1,Single
333,3x3x3 Cube,Israel,1,Average
333,3x3x3 Cube,Israel,1,Single
333,3x3x3 Cube,Italy,1,Average
333,3x3x3 Cube,Italy,1,Single
333,3x3x3 Cube,Malaysia,1,Average
333,3x3x3 Cube,Mexico,1,Average
333,3x3x3 Cube,Mexico,1,Single
333,3x3x3 Cube,Netherlands,3,Average
333,3x3x3 Cube,Netherlands,2,Single
333,3x3x3 Cube,New Zealand,3,Average
333,3x3x3 Cube,New Zealand,2,Single
333,3x3x3 Cube,Norway,3,Average
333,3x3x3 Cube,Norway,3,Single
333,3x3x3 Cube,Peru,1,Single
333,3x3x3 Cube,Philippines,5,Average
333,3x3x3 Cube,Philippines,5,Single
333,3x3x3 Cube,Poland,6,Average
333,3x3x3 Cube,Poland,9,Single
333,3x3x3 Cube,Republic of Korea,4,Average
333,3x3x3 Cube,Republic of Korea,2,Single
333,3x3x3 Cube,Romania,1,Average
333,3x3x3 Cube,Romania,1,Single
333,3x3x3 Cube,Russia,2,Average
333,3x3x3 Cube,Russia,2,Single
333,3x3x3 Cube,Switzerland,1,Average
333,3x3x3 Cube,Switzerland,2,Single
333,3x3x3 Cube,Thailand,1,Single
333,3x3x3 Cube,United Kingdom,2,Average
333,3x3x3 Cube,United Kingdom,2,Single
333,3x3x3 Cube,United States,28,Average
333,3x3x3 Cube,United States,30,Single
333,3x3x3 Cube,Vietnam,1,Average
333bf,3x3x3 Blindfolded,Argentina,4,Average
333bf,3x3x3 Blindfolded,Argentina,4,Single
333bf,3x3x3 Blindfolded,Australia,7,Average
333bf,3x3x3 Blindfolded,Australia,6,Single
333bf,3x3x3 Blindfolded,Austria,2,Average
333bf,3x3x3 Blindfolded,Austria,2,Single
333bf,3x3x3 Blindfolded,Brazil,1,Average
333bf,3x3x3 Blindfolded,Brazil,1,Single
333bf,3x3x3 Blindfolded,Canada,4,Average
333bf,3x3x3 Blindfolded,Canada,4,Single
333bf,3x3x3 Blindfolded,China,8,Average
333bf,3x3x3 Blindfolded,China,8,Single
333bf,3x3x3 Blindfolded,Chinese Taipei,1,Average
333bf,3x3x3 Blindfolded,Chinese Taipei,1,Single
333bf,3x3x3 Blindfolded,Colombia,1,Average
333bf,3x3x3 Blindfolded,Colombia,1,Single
333bf,3x3x3 Blindfolded,Croatia,1,Average
333bf,3x3x3 Blindfolded,Croatia,1,Single
333bf,3x3x3 Blindfolded,Denmark,1,Average
333bf,3x3x3 Blindfolded,Denmark,1,Single
333bf,3x3x3 Blindfolded,France,5,Average
333bf,3x3x3 Blindfolded,France,5,Single
333bf,3x3x3 Blindfolded,Germany,3,Average
333bf,3x3x3 Blindfolded,Germany,2,Single
333bf,3x3x3 Blindfolded,Guatemala,1,Single
333bf,3x3x3 Blindfolded,"Hong Kong, China",1,Average
333bf,3x3x3 Blindfolded,"Hong Kong, China",1,Single
333bf,3x3x3 Blindfolded,Hungary,2,Average
333bf,3x3x3 Blindfolded,Hungary,1,Single
333bf,3x3x3 Blindfolded,India,2,Average
333bf,3x3x3 Blindfolded,India,1,Single
333bf,3x3x3 Blindfolded,Indonesia,1,Average
333bf,3x3x3 Blindfolded,Indonesia,2,Single
333bf,3x3x3 Blindfolded,Israel,1,Average
333bf,3x3x3 Blindfolded,Israel,1,Single
333bf,3x3x3 Blindfolded,Italy,2,Average
333bf,3x3x3 Blindfolded,Italy,1,Single
333bf,3x3x3 Blindfolded,Japan,3,Average
333bf,3x3x3 Blindfolded,Japan,2,Single
333bf,3x3x3 Blindfolded,Jordan,1,Single
333bf,3x3x3 Blindfolded,Malaysia,1,Single
333bf,3x3x3 Blindfolded,Netherlands,1,Average
333bf,3x3x3 Blindfolded,Netherlands,1,Single
333bf,3x3x3 Blindfolded,New Zealand,1,Average
333bf,3x3x3 Blindfolded,New Zealand,1,Single
333bf,3x3x3 Blindfolded,Peru,1,Average
333bf,3x3x3 Blindfolded,Peru,2,Single
333bf,3x3x3 Blindfolded,Philippines,2,Average
333bf,3x3x3 Blindfolded,Philippines,3,Single
333bf,3x3x3 Blindfolded,Poland,9,Average
333bf,3x3x3 Blindfolded,Poland,8,Single
333bf,3x3x3 Blindfolded,Republic of Korea,2,Average
333bf,3x3x3 Blindfolded,Republic of Korea,1,Single
333bf,3x3x3 Blindfolded,Russia,1,Average
333bf,3x3x3 Blindfolded,Russia,1,Single
333bf,3x3x3 Blindfolded,Singapore,1,Average
333bf,3x3x3 Blindfolded,Singapore,1,Single
333bf,3x3x3 Blindfolded,Spain,1,Average
333bf,3x3x3 Blindfolded,Spain,1,Single
333bf,3x3x3 Blindfolded,Sweden,3,Average
333bf,3x3x3 Blindfolded,Sweden,3,Single
333bf,3x3x3 Blindfolded,Switzerland,1,Average
333bf,3x3x3 Blindfolded,Switzerland,1,Single
333bf,3x3x3 Blindfolded,Turkey,1,Single
333bf,3x3x3 Blindfolded,United Kingdom,5,Average
333bf,3x3x3 Blindfolded,United Kingdom,4,Single
333bf,3x3x3 Blindfolded,United States,22,Average
333bf,3x3x3 Blindfolded,United States,24,Single
333bf,3x3x3 Blindfolded,Vietnam,1,Average
333fm,3x3x3 Fewest Moves,Argentina,1,Average
333fm,3x3x3 Fewest Moves,Argentina,1,Single
333fm,3x3x3 Fewest Moves,Australia,7,Average
333fm,3x3x3 Fewest Moves,Australia,5,Single
333fm,3x3x3 Fewest Moves,Belarus,1,Single
333fm,3x3x3 Fewest Moves,Brazil,1,Average
333fm,3x3x3 Fewest Moves,Brazil,2,Single
333fm,3x3x3 Fewest Moves,Canada,1,Average
333fm,3x3x3 Fewest Moves,Canada,2,Single
333fm,3x3x3 Fewest Moves,China,11,Average
333fm,3x3x3 Fewest Moves,China,8,Single
333fm,3x3x3 Fewest Moves,Chinese Taipei,1,Average
333fm,3x3x3 Fewest Moves,Chinese Taipei,1,Single
333fm,3x3x3 Fewest Moves,Colombia,1,Single
333fm,3x3x3 Fewest Moves,Czech Republic,1,Average
333fm,3x3x3 Fewest Moves,Czech Republic,2,Single
333fm,3x3x3 Fewest Moves,Denmark,2,Average
333fm,3x3x3 Fewest Moves,Denmark,2,Single
333fm,3x3x3 Fewest Moves,Finland,1,Average
333fm,3x3x3 Fewest Moves,Finland,2,Single
333fm,3x3x3 Fewest Moves,France,5,Average
333fm,3x3x3 Fewest Moves,France,5,Single
333fm,3x3x3 Fewest Moves,Germany,9,Average
333fm,3x3x3 Fewest Moves,Germany,12,Single
333fm,3x3x3 Fewest Moves,Hungary,2,Average
333fm,3x3x3 Fewest Moves,Hungary,2,Single
333fm,3x3x3 Fewest Moves,India,1,Average
333fm,3x3x3 Fewest Moves,India,1,Single
333fm,3x3x3 Fewest Moves,Indonesia,2,Average
333fm,3x3x3 Fewest Moves,Indonesia,1,Single
333fm,3x3x3 Fewest Moves,Iran,1,Single
333fm,3x3x3 Fewest Moves,Israel,3,Average
333fm,3x3x3 Fewest Moves,Israel,3,Single
333fm,3x3x3 Fewest Moves,Italy,3,Average
333fm,3x3x3 Fewest Moves,Italy,4,Single
333fm,3x3x3 Fewest Moves,Japan,3,Average
333fm,3x3x3 Fewest Moves,Japan,3,Single
333fm,3x3x3 Fewest Moves,Malaysia,2,Average
333fm,3x3x3 Fewest Moves,Malaysia,2,Single
333fm,3x3x3 Fewest Moves,Netherlands,1,Single
333fm,3x3x3 Fewest Moves,New Zealand,1,Average
333fm,3x3x3 Fewest Moves,New Zealand,1,Single
333fm,3x3x3 Fewest Moves,Poland,9,Average
333fm,3x3x3 Fewest Moves,Poland,10,Single
333fm,3x3x3 Fewest Moves,Portugal,1,Average
333fm,3x3x3 Fewest Moves,Portugal,1,Single
333fm,3x3x3 Fewest Moves,Republic of Korea,2,Average
333fm,3x3x3 Fewest Moves,Republic of Korea,4,Single
333fm,3x3x3 Fewest Moves,Singapore,3,Average
333fm,3x3x3 Fewest Moves,Singapore,3,Single
333fm,3x3x3 Fewest Moves,Slovenia,1,Single
333fm,3x3x3 Fewest Moves,Spain,4,Average
333fm,3x3x3 Fewest Moves,Spain,5,Single
333fm,3x3x3 Fewest Moves,Sweden,1,Average
333fm,3x3x3 Fewest Moves,Sweden,1,Single
333fm,3x3x3 Fewest Moves,Switzerland,2,Average
333fm,3x3x3 Fewest Moves,Switzerland,2,Single
333fm,3x3x3 Fewest Moves,Ukraine,3,Average
333fm,3x3x3 Fewest Moves,Ukraine,5,Single
333fm,3x3x3 Fewest Moves,United Kingdom,5,Average
333fm,3x3x3 Fewest Moves,United Kingdom,7,Single
333fm,3x3x3 Fewest Moves,United States,29,Average
333fm,3x3x3 Fewest Moves,United States,39,Single
333fm,3x3x3 Fewest Moves,Vietnam,1,Average
333ft,3x3x3 With Feet,Australia,1,Average
333ft,3x3x3 With Feet,Australia,1,Single
333ft,3x3x3 With Feet,Brazil,7,Average
333ft,3x3x3 With Feet,Brazil,7,Single
333ft,3x3x3 With Feet,Canada,3,Average
333ft,3x3x3 With Feet,Canada,2,Single
333ft,3x3x3 With Feet,China,9,Average
333ft,3x3x3 With Feet,China,11,Single
333ft,3x3x3 With Feet,Chinese Taipei,1,Average
333ft,3x3x3 With Feet,Colombia,1,Average
333ft,3x3x3 With Feet,Czech Republic,1,Average
333ft,3x3x3 With Feet,Czech Republic,1,Single
333ft,3x3x3 With Feet,Denmark,3,Average
333ft,3x3x3 With Feet,Denmark,4,Single
333ft,3x3x3 With Feet,Finland,1,Average
333ft,3x3x3 With Feet,Finland,2,Single
333ft,3x3x3 With Feet,France,2,Average
333ft,3x3x3 With Feet,France,2,Single
333ft,3x3x3 With Feet,Germany,4,Average
333ft,3x3x3 With Feet,Germany,4,Single
333ft,3x3x3 With Feet,India,7,Average
333ft,3x3x3 With Feet,India,6,Single
333ft,3x3x3 With Feet,Indonesia,3,Average
333ft,3x3x3 With Feet,Indonesia,5,Single
333ft,3x3x3 With Feet,Israel,1,Average
333ft,3x3x3 With Feet,Israel,1,Single
333ft,3x3x3 With Feet,Japan,2,Average
333ft,3x3x3 With Feet,Japan,1,Single
333ft,3x3x3 With Feet,Malaysia,3,Average
333ft,3x3x3 With Feet,Malaysia,3,Single
333ft,3x3x3 With Feet,Mongolia,1,Average
333ft,3x3x3 With Feet,Mongolia,1,Single
333ft,3x3x3 With Feet,Norway,1,Average
333ft,3x3x3 With Feet,Norway,1,Single
333ft,3x3x3 With Feet,Philippines,3,Average
333ft,3x3x3 With Feet,Philippines,2,Single
333ft,3x3x3 With Feet,Poland,5,Average
333ft,3x3x3 With Feet,Poland,5,Single
333ft,3x3x3 With Feet,Republic of Korea,8,Average
333ft,3x3x3 With Feet,Republic of Korea,8,Single
333ft,3x3x3 With Feet,Russia,1,Average
333ft,3x3x3 With Feet,Russia,1,Single
333ft,3x3x3 With Feet,Slovakia,1,Average
333ft,3x3x3 With Feet,Spain,2,Average
333ft,3x3x3 With Feet,Spain,1,Single
333ft,3x3x3 With Feet,Sweden,1,Average
333ft,3x3x3 With Feet,Sweden,1,Single
333ft,3x3x3 With Feet,Switzerland,1,Average
333ft,3x3x3 With Feet,Switzerland,1,Single
333ft,3x3x3 With Feet,Ukraine,4,Average
333ft,3x3x3 With Feet,Ukraine,4,Single
333ft,3x3x3 With Feet,United Kingdom,3,Average
333ft,3x3x3 With Feet,United Kingdom,5,Single
333ft,3x3x3 With Feet,United States,24,Average
333ft,3x3x3 With Feet,United States,24,Single
333mbf,3x3x3 Multi-Blind,Argentina,2,Single
333mbf,3x3x3 Multi-Blind,Australia,5,Single
333mbf,3x3x3 Multi-Blind,Austria,2,Single
333mbf,3x3x3 Multi-Blind,Brazil,3,Single
333mbf,3x3x3 Multi-Blind,Canada,2,Single
333mbf,3x3x3 Multi-Blind,China,6,Single
333mbf,3x3x3 Multi-Blind,Colombia,1,Single
333mbf,3x3x3 Multi-Blind,Croatia,1,Single
333mbf,3x3x3 Multi-Blind,Denmark,1,Single
333mbf,3x3x3 Multi-Blind,Finland,1,Single
333mbf,3x3x3 Multi-Blind,France,2,Single
333mbf,3x3x3 Multi-Blind,Germany,3,Single
333mbf,3x3x3 Multi-Blind,Guatemala,1,Single
333mbf,3x3x3 Multi-Blind,"Hong Kong, China",1,Single
333mbf,3x3x3 Multi-Blind,Hungary,2,Single
333mbf,3x3x3 Multi-Blind,India,3,Single
333mbf,3x3x3 Multi-Blind,Indonesia,2,Single
333mbf,3x3x3 Multi-Blind,Italy,3,Single
333mbf,3x3x3 Multi-Blind,Japan,5,Single
333mbf,3x3x3 Multi-Blind,Jordan,1,Single
333mbf,3x3x3 Multi-Blind,Malaysia,1,Single
333mbf,3x3x3 Multi-Blind,Mexico,1,Single
333mbf,3x3x3 Multi-Blind,Netherlands,3,Single
333mbf,3x3x3 Multi-Blind,New Zealand,2,Single
333mbf,3x3x3 Multi-Blind,Peru,1,Single
333mbf,3x3x3 Multi-Blind,Philippines,1,Single
333mbf,3x3x3 Multi-Blind,Poland,12,Single
333mbf,3x3x3 Multi-Blind,Republic of Korea,1,Single
333mbf,3x3x3 Multi-Blind,Russia,2,Single
333mbf,3x3x3 Multi-Blind,South Africa,1,Single
333mbf,3x3x3 Multi-Blind,Spain,3,Single
333mbf,3x3x3 Multi-Blind,Sweden,2,Single
333mbf,3x3x3 Multi-Blind,Switzerland,1,Single
333mbf,3x3x3 Multi-Blind,Thailand,1,Single
333mbf,3x3x3 Multi-Blind,United Kingdom,6,Single
333mbf,3x3x3 Multi-Blind,United States,17,Single
333mbo,3x3x3 Multi-Blind Old Style,Belgium,2,Single
333mbo,3x3x3 Multi-Blind Old Style,Brazil,5,Single
333mbo,3x3x3 Multi-Blind Old Style,Canada,1,Single
333mbo,3x3x3 Multi-Blind Old Style,China,3,Single
333mbo,3x3x3 Multi-Blind Old Style,Chinese Taipei,2,Single
333mbo,3x3x3 Multi-Blind Old Style,Denmark,2,Single
333mbo,3x3x3 Multi-Blind Old Style,Finland,1,Single
333mbo,3x3x3 Multi-Blind Old Style,France,13,Single
333mbo,3x3x3 Multi-Blind Old Style,Germany,8,Single
333mbo,3x3x3 Multi-Blind Old Style,Hungary,15,Single
333mbo,3x3x3 Multi-Blind Old Style,India,4,Single
333mbo,3x3x3 Multi-Blind Old Style,Japan,2,Single
333mbo,3x3x3 Multi-Blind Old Style,Netherlands,6,Single
333mbo,3x3x3 Multi-Blind Old Style,Philippines,3,Single
333mbo,3x3x3 Multi-Blind Old Style,Poland,4,Single
333mbo,3x3x3 Multi-Blind Old Style,Republic of Korea,3,Single
333mbo,3x3x3 Multi-Blind Old Style,Romania,1,Single
333mbo,3x3x3 Multi-Blind Old Style,Slovakia,1,Single
333mbo,3x3x3 Multi-Blind Old Style,Spain,4,Single
333mbo,3x3x3 Multi-Blind Old Style,Sweden,4,Single
333mbo,3x3x3 Multi-Blind Old Style,Switzerland,1,Single
333mbo,3x3x3 Multi-Blind Old Style,United Kingdom,1,Single
333mbo,3x3x3 Multi-Blind Old Style,United States,15,Single
333oh,3x3x3 One-Handed,Argentina,2,Average
333oh,3x3x3 One-Handed,Argentina,1,Single
333oh,3x3x3 One-Handed,Australia,6,Average
333oh,3x3x3 One-Handed,Australia,4,Single
333oh,3x3x3 One-Handed,Brazil,2,Average
333oh,3x3x3 One-Handed,Brazil,2,Single
333oh,3x3x3 One-Handed,Canada,3,Average
333oh,3x3x3 One-Handed,Canada,3,Single
333oh,3x3x3 One-Handed,China,7,Average
333oh,3x3x3 One-Handed,China,7,Single
333oh,3x3x3 One-Handed,Chinese Taipei,2,Average
333oh,3x3x3 One-Handed,Chinese Taipei,1,Single
333oh,3x3x3 One-Handed,Denmark,1,Average
333oh,3x3x3 One-Handed,Finland,2,Average
333oh,3x3x3 One-Handed,France,5,Average
333oh,3x3x3 One-Handed,France,3,Single
333oh,3x3x3 One-Handed,Germany,3,Average
333oh,3x3x3 One-Handed,Germany,5,Single
333oh,3x3x3 One-Handed,Greece,1,Average
333oh,3x3x3 One-Handed,Greece,1,Single
333oh,3x3x3 One-Handed,"Hong Kong, China",1,Average
333oh,3x3x3 One-Handed,"Hong Kong, China",2,Single
333oh,3x3x3 One-Handed,Hungary,1,Average
333oh,3x3x3 One-Handed,Hungary,1,Single
333oh,3x3x3 One-Handed,India,3,Average
333oh,3x3x3 One-Handed,India,5,Single
333oh,3x3x3 One-Handed,Indonesia,2,Average
333oh,3x3x3 One-Handed,Indonesia,2,Single
333oh,3x3x3 One-Handed,Israel,1,Average
333oh,3x3x3 One-Handed,Israel,1,Single
333oh,3x3x3 One-Handed,Italy,1,Average
333oh,3x3x3 One-Handed,Lithuania,1,Average
333oh,3x3x3 One-Handed,Lithuania,1,Single
333oh,3x3x3 One-Handed,Malaysia,1,Average
333oh,3x3x3 One-Handed,Malaysia,1,Single
333oh,3x3x3 One-Handed,Mexico,1,Average
333oh,3x3x3 One-Handed,Mexico,1,Single
333oh,3x3x3 One-Handed,Netherlands,1,Average
333oh,3x3x3 One-Handed,Netherlands,2,Single
333oh,3x3x3 One-Handed,New Zealand,3,Average
333oh,3x3x3 One-Handed,New Zealand,3,Single
333oh,3x3x3 One-Handed,Norway,3,Average
333oh,3x3x3 One-Handed,Norway,3,Single
333oh,3x3x3 One-Handed,Peru,2,Single
333oh,3x3x3 One-Handed,Philippines,4,Average
333oh,3x3x3 One-Handed,Philippines,5,Single
333oh,3x3x3 One-Handed,Poland,5,Average
333oh,3x3x3 One-Handed,Poland,6,Single
333oh,3x3x3 One-Handed,Republic of Korea,4,Average
333oh,3x3x3 One-Handed,Republic of Korea,3,Single
333oh,3x3x3 One-Handed,Romania,1,Average
333oh,3x3x3 One-Handed,Romania,2,Single
333oh,3x3x3 One-Handed,Russia,3,Average
333oh,3x3x3 One-Handed,Russia,3,Single
333oh,3x3x3 One-Handed,Singapore,1,Average
333oh,3x3x3 One-Handed,Singapore,1,Single
333oh,3x3x3 One-Handed,Sweden,1,Average
333oh,3x3x3 One-Handed,Sweden,1,Single
333oh,3x3x3 One-Handed,Switzerland,3,Average
333oh,3x3x3 One-Handed,Switzerland,3,Single
333oh,3x3x3 One-Handed,Thailand,2,Average
333oh,3x3x3 One-Handed,Thailand,2,Single
333oh,3x3x3 One-Handed,Turkey,1,Average
333oh,3x3x3 One-Handed,Ukraine,2,Single
333oh,3x3x3 One-Handed,United Kingdom,4,Average
333oh,3x3x3 One-Handed,United Kingdom,3,Single
333oh,3x3x3 One-Handed,United States,23,Average
333oh,3x3x3 One-Handed,United States,25,Single
333oh,3x3x3 One-Handed,Vietnam,1,Average
333oh,3x3x3 One-Handed,Vietnam,2,Single
444,4x4x4 Cube,Argentina,1,Average
444,4x4x4 Cube,Argentina,2,Single
444,4x4x4 Cube,Australia,4,Average
444,4x4x4 Cube,Australia,3,Single
444,4x4x4 Cube,Brazil,3,Average
444,4x4x4 Cube,Brazil,3,Single
444,4x4x4 Cube,Canada,3,Average
444,4x4x4 Cube,Canada,4,Single
444,4x4x4 Cube,Chile,2,Average
444,4x4x4 Cube,Chile,1,Single
444,4x4x4 Cube,China,9,Average
444,4x4x4 Cube,China,8,Single
444,4x4x4 Cube,Chinese Taipei,3,Average
444,4x4x4 Cube,Chinese Taipei,6,Single
444,4x4x4 Cube,Colombia,1,Single
444,4x4x4 Cube,Croatia,1,Average
444,4x4x4 Cube,Denmark,1,Average
444,4x4x4 Cube,Denmark,1,Single
444,4x4x4 Cube,Finland,2,Single
444,4x4x4 Cube,France,2,Average
444,4x4x4 Cube,France,2,Single
444,4x4x4 Cube,Georgia,1,Single
444,4x4x4 Cube,Germany,2,Average
444,4x4x4 Cube,Germany,2,Single
444,4x4x4 Cube,Greece,1,Average
444,4x4x4 Cube,Greece,1,Single
444,4x4x4 Cube,"Hong Kong, China",3,Average
444,4x4x4 Cube,"Hong Kong, China",2,Single
444,4x4x4 Cube,India,1,Average
444,4x4x4 Cube,Indonesia,2,Average
444,4x4x4 Cube,Indonesia,2,Single
444,4x4x4 Cube,Ireland,2,Average
444,4x4x4 Cube,Ireland,1,Single
444,4x4x4 Cube,Israel,1,Average
444,4x4x4 Cube,Israel,2,Single
444,4x4x4 Cube,Italy,1,Average
444,4x4x4 Cube,Italy,1,Single
444,4x4x4 Cube,Malaysia,2,Average
444,4x4x4 Cube,Malaysia,2,Single
444,4x4x4 Cube,Mexico,2,Average
444,4x4x4 Cube,Mexico,2,Single
444,4x4x4 Cube,Netherlands,4,Average
444,4x4x4 Cube,Netherlands,4,Single
444,4x4x4 Cube,New Zealand,2,Average
444,4x4x4 Cube,New Zealand,3,Single
444,4x4x4 Cube,Norway,2,Average
444,4x4x4 Cube,Peru,1,Average
444,4x4x4 Cube,Philippines,2,Average
444,4x4x4 Cube,Philippines,1,Single
444,4x4x4 Cube,Poland,2,Average
444,4x4x4 Cube,Poland,2,Single
444,4x4x4 Cube,Republic of Korea,3,Average
444,4x4x4 Cube,Republic of Korea,5,Single
444,4x4x4 Cube,Romania,1,Average
444,4x4x4 Cube,Romania,1,Single
444,4x4x4 Cube,Russia,1,Average
444,4x4x4 Cube,Russia,1,Single
444,4x4x4 Cube,Singapore,3,Average
444,4x4x4 Cube,Singapore,4,Single
444,4x4x4 Cube,Slovakia,1,Average
444,4x4x4 Cube,Slovakia,1,Single
444,4x4x4 Cube,Spain,1,Average
444,4x4x4 Cube,Spain,1,Single
444,4x4x4 Cube,Sweden,2,Average
444,4x4x4 Cube,Switzerland,1,Average
444,4x4x4 Cube,Switzerland,2,Single
444,4x4x4 Cube,Thailand,3,Average
444,4x4x4 Cube,Thailand,2,Single
444,4x4x4 Cube,United Kingdom,1,Average
444,4x4x4 Cube,United Kingdom,2,Single
444,4x4x4 Cube,United States,26,Average
444,4x4x4 Cube,United States,23,Single
444,4x4x4 Cube,Vietnam,2,Average
444,4x4x4 Cube,Vietnam,1,Single
444bf,4x4x4 Blindfolded,Argentina,3,Average
444bf,4x4x4 Blindfolded,Argentina,2,Single
444bf,4x4x4 Blindfolded,Australia,4,Average
444bf,4x4x4 Blindfolded,Australia,5,Single
444bf,4x4x4 Blindfolded,Austria,3,Average
444bf,4x4x4 Blindfolded,Austria,3,Single
444bf,4x4x4 Blindfolded,Brazil,3,Average
444bf,4x4x4 Blindfolded,Brazil,2,Single
444bf,4x4x4 Blindfolded,Canada,1,Average
444bf,4x4x4 Blindfolded,Canada,2,Single
444bf,4x4x4 Blindfolded,China,7,Average
444bf,4x4x4 Blindfolded,China,9,Single
444bf,4x4x4 Blindfolded,Chinese Taipei,1,Average
444bf,4x4x4 Blindfolded,Chinese Taipei,1,Single
444bf,4x4x4 Blindfolded,Colombia,1,Average
444bf,4x4x4 Blindfolded,Colombia,1,Single
444bf,4x4x4 Blindfolded,Denmark,3,Average
444bf,4x4x4 Blindfolded,Denmark,2,Single
444bf,4x4x4 Blindfolded,Finland,1,Average
444bf,4x4x4 Blindfolded,France,3,Average
444bf,4x4x4 Blindfolded,France,4,Single
444bf,4x4x4 Blindfolded,Germany,6,Average
444bf,4x4x4 Blindfolded,Germany,4,Single
444bf,4x4x4 Blindfolded,"Hong Kong, China",1,Average
444bf,4x4x4 Blindfolded,"Hong Kong, China",2,Single
444bf,4x4x4 Blindfolded,Hungary,3,Average
444bf,4x4x4 Blindfolded,Hungary,3,Single
444bf,4x4x4 Blindfolded,India,5,Average
444bf,4x4x4 Blindfolded,India,4,Single
444bf,4x4x4 Blindfolded,Indonesia,1,Average
444bf,4x4x4 Blindfolded,Indonesia,1,Single
444bf,4x4x4 Blindfolded,Italy,2,Average
444bf,4x4x4 Blindfolded,Italy,3,Single
444bf,4x4x4 Blindfolded,Japan,3,Average
444bf,4x4x4 Blindfolded,Japan,4,Single
444bf,4x4x4 Blindfolded,Malaysia,5,Average
444bf,4x4x4 Blindfolded,Malaysia,2,Single
444bf,4x4x4 Blindfolded,Netherlands,1,Single
444bf,4x4x4 Blindfolded,New Zealand,1,Average
444bf,4x4x4 Blindfolded,New Zealand,1,Single
444bf,4x4x4 Blindfolded,Philippines,2,Single
444bf,4x4x4 Blindfolded,Poland,6,Average
444bf,4x4x4 Blindfolded,Poland,7,Single
444bf,4x4x4 Blindfolded,Republic of Korea,2,Average
444bf,4x4x4 Blindfolded,Republic of Korea,3,Single
444bf,4x4x4 Blindfolded,Russia,2,Average
444bf,4x4x4 Blindfolded,Russia,5,Single
444bf,4x4x4 Blindfolded,Singapore,2,Average
444bf,4x4x4 Blindfolded,Singapore,1,Single
444bf,4x4x4 Blindfolded,Spain,1,Average
444bf,4x4x4 Blindfolded,Spain,2,Single
444bf,4x4x4 Blindfolded,Sweden,1,Average
444bf,4x4x4 Blindfolded,Sweden,1,Single
444bf,4x4x4 Blindfolded,Switzerland,1,Average
444bf,4x4x4 Blindfolded,Switzerland,1,Single
444bf,4x4x4 Blindfolded,United Kingdom,9,Average
444bf,4x4x4 Blindfolded,United Kingdom,6,Single
444bf,4x4x4 Blindfolded,United States,19,Average
444bf,4x4x4 Blindfolded,United States,17,Single
555,5x5x5 Cube,Argentina,1,Average
555,5x5x5 Cube,Argentina,1,Single
555,5x5x5 Cube,Australia,2,Average
555,5x5x5 Cube,Australia,2,Single
555,5x5x5 Cube,Brazil,1,Average
555,5x5x5 Cube,Brazil,2,Single
555,5x5x5 Cube,Canada,4,Average
555,5x5x5 Cube,Canada,4,Single
555,5x5x5 Cube,Chile,1,Average
555,5x5x5 Cube,China,7,Average
555,5x5x5 Cube,China,9,Single
555,5x5x5 Cube,Chinese Taipei,6,Average
555,5x5x5 Cube,Chinese Taipei,6,Single
555,5x5x5 Cube,Colombia,1,Average
555,5x5x5 Cube,Denmark,1,Average
555,5x5x5 Cube,Denmark,1,Single
555,5x5x5 Cube,Finland,1,Average
555,5x5x5 Cube,Finland,1,Single
555,5x5x5 Cube,France,1,Average
555,5x5x5 Cube,France,1,Single
555,5x5x5 Cube,Germany,3,Average
555,5x5x5 Cube,Germany,3,Single
555,5x5x5 Cube,"Hong Kong, China",2,Average
555,5x5x5 Cube,"Hong Kong, China",3,Single
555,5x5x5 Cube,India,2,Single
555,5x5x5 Cube,Indonesia,3,Average
555,5x5x5 Cube,Indonesia,2,Single
555,5x5x5 Cube,Ireland,1,Average
555,5x5x5 Cube,Ireland,1,Single
555,5x5x5 Cube,Israel,1,Average
555,5x5x5 Cube,Japan,1,Single
555,5x5x5 Cube,"Macau, China",1,Single
555,5x5x5 Cube,Malaysia,2,Average
555,5x5x5 Cube,Malaysia,3,Single
555,5x5x5 Cube,Mexico,2,Average
555,5x5x5 Cube,Mexico,2,Single
555,5x5x5 Cube,Netherlands,2,Average
555,5x5x5 Cube,Netherlands,3,Single
555,5x5x5 Cube,New Zealand,3,Average
555,5x5x5 Cube,New Zealand,1,Single
555,5x5x5 Cube,Norway,3,Average
555,5x5x5 Cube,Norway,2,Single
555,5x5x5 Cube,Peru,1,Average
555,5x5x5 Cube,Peru,1,Single
555,5x5x5 Cube,Philippines,1,Average
555,5x5x5 Cube,Philippines,1,Single
555,5x5x5 Cube,Poland,4,Average
555,5x5x5 Cube,Poland,3,Single
555,5x5x5 Cube,Republic of Korea,4,Average
555,5x5x5 Cube,Republic of Korea,5,Single
555,5x5x5 Cube,Romania,1,Average
555,5x5x5 Cube,Romania,1,Single
555,5x5x5 Cube,Russia,1,Average
555,5x5x5 Cube,Russia,1,Single
555,5x5x5 Cube,Singapore,5,Average
555,5x5x5 Cube,Singapore,4,Single
555,5x5x5 Cube,Slovakia,1,Average
555,5x5x5 Cube,Slovakia,1,Single
555,5x5x5 Cube,South Africa,1,Average
555,5x5x5 Cube,Spain,1,Average
555,5x5x5 Cube,Spain,1,Single
555,5x5x5 Cube,Switzerland,2,Average
555,5x5x5 Cube,Switzerland,2,Single
555,5x5x5 Cube,Thailand,2,Average
555,5x5x5 Cube,Thailand,2,Single
555,5x5x5 Cube,United Kingdom,2,Average
555,5x5x5 Cube,United Kingdom,1,Single
555,5x5x5 Cube,United States,24,Average
555,5x5x5 Cube,United States,25,Single
555,5x5x5 Cube,Vietnam,3,Average
555,5x5x5 Cube,Vietnam,2,Single
555bf,5x5x5 Blindfolded,Argentina,1,Average
555bf,5x5x5 Blindfolded,Argentina,2,Single
555bf,5x5x5 Blindfolded,Australia,2,Average
555bf,5x5x5 Blindfolded,Australia,4,Single
555bf,5x5x5 Blindfolded,Austria,2,Average
555bf,5x5x5 Blindfolded,Austria,2,Single
555bf,5x5x5 Blindfolded,Belgium,1,Average
555bf,5x5x5 Blindfolded,Brazil,1,Average
555bf,5x5x5 Blindfolded,Brazil,2,Single
555bf,5x5x5 Blindfolded,Canada,1,Average
555bf,5x5x5 Blindfolded,Canada,2,Single
555bf,5x5x5 Blindfolded,China,11,Average
555bf,5x5x5 Blindfolded,China,10,Single
555bf,5x5x5 Blindfolded,Chinese Taipei,1,Average
555bf,5x5x5 Blindfolded,Chinese Taipei,1,Single
555bf,5x5x5 Blindfolded,Colombia,1,Average
555bf,5x5x5 Blindfolded,Colombia,2,Single
555bf,5x5x5 Blindfolded,Czech Republic,1,Average
555bf,5x5x5 Blindfolded,Denmark,1,Average
555bf,5x5x5 Blindfolded,Denmark,2,Single
555bf,5x5x5 Blindfolded,Finland,1,Single
555bf,5x5x5 Blindfolded,France,2,Average
555bf,5x5x5 Blindfolded,France,3,Single
555bf,5x5x5 Blindfolded,Germany,6,Average
555bf,5x5x5 Blindfolded,Germany,4,Single
555bf,5x5x5 Blindfolded,"Hong Kong, China",2,Single
555bf,5x5x5 Blindfolded,Hungary,3,Average
555bf,5x5x5 Blindfolded,Hungary,3,Single
555bf,5x5x5 Blindfolded,India,4,Average
555bf,5x5x5 Blindfolded,India,3,Single
555bf,5x5x5 Blindfolded,Indonesia,1,Average
555bf,5x5x5 Blindfolded,Indonesia,1,Single
555bf,5x5x5 Blindfolded,Italy,1,Average
555bf,5x5x5 Blindfolded,Italy,3,Single
555bf,5x5x5 Blindfolded,Japan,5,Single
555bf,5x5x5 Blindfolded,Malaysia,3,Average
555bf,5x5x5 Blindfolded,Malaysia,2,Single
555bf,5x5x5 Blindfolded,Mexico,2,Average
555bf,5x5x5 Blindfolded,Netherlands,1,Single
555bf,5x5x5 Blindfolded,New Zealand,1,Average
555bf,5x5x5 Blindfolded,New Zealand,1,Single
555bf,5x5x5 Blindfolded,Peru,1,Average
555bf,5x5x5 Blindfolded,Philippines,1,Single
555bf,5x5x5 Blindfolded,Poland,4,Average
555bf,5x5x5 Blindfolded,Poland,7,Single
555bf,5x5x5 Blindfolded,Republic of Korea,1,Average
555bf,5x5x5 Blindfolded,Republic of Korea,1,Single
555bf,5x5x5 Blindfolded,Russia,4,Average
555bf,5x5x5 Blindfolded,Russia,5,Single
555bf,5x5x5 Blindfolded,Singapore,2,Average
555bf,5x5x5 Blindfolded,Singapore,2,Single
555bf,5x5x5 Blindfolded,Slovenia,1,Average
555bf,5x5x5 Blindfolded,Spain,2,Average
555bf,5x5x5 Blindfolded,Spain,2,Single
555bf,5x5x5 Blindfolded,Sri Lanka,1,Average
555bf,5x5x5 Blindfolded,Sweden,2,Average
555bf,5x5x5 Blindfolded,Sweden,1,Single
555bf,5x5x5 Blindfolded,Switzerland,3,Average
555bf,5x5x5 Blindfolded,Switzerland,1,Single
555bf,5x5x5 Blindfolded,United Kingdom,3,Average
555bf,5x5x5 Blindfolded,United Kingdom,7,Single
555bf,5x5x5 Blindfolded,United States,28,Average
555bf,5x5x5 Blindfolded,United States,18,Single
555bf,5x5x5 Blindfolded,Uruguay,1,Average
555bf,5x5x5 Blindfolded,Vietnam,1,Average
666,6x6x6 Cube,Argentina,1,Single
666,6x6x6 Cube,Australia,2,Average
666,6x6x6 Cube,Australia,2,Single
666,6x6x6 Cube,Canada,4,Average
666,6x6x6 Cube,Canada,5,Single
666,6x6x6 Cube,China,10,Average
666,6x6x6 Cube,China,10,Single
666,6x6x6 Cube,Chinese Taipei,6,Average
666,6x6x6 Cube,Chinese Taipei,6,Single
666,6x6x6 Cube,Colombia,1,Average
666,6x6x6 Cube,Colombia,1,Single
666,6x6x6 Cube,Denmark,1,Average
666,6x6x6 Cube,Denmark,1,Single
666,6x6x6 Cube,Finland,1,Average
666,6x6x6 Cube,Finland,1,Single
666,6x6x6 Cube,France,1,Average
666,6x6x6 Cube,France,1,Single
666,6x6x6 Cube,Germany,3,Average
666,6x6x6 Cube,Germany,3,Single
666,6x6x6 Cube,"Hong Kong, China",3,Average
666,6x6x6 Cube,"Hong Kong, China",3,Single
666,6x6x6 Cube,India,1,Single
666,6x6x6 Cube,Indonesia,2,Average
666,6x6x6 Cube,Indonesia,2,Single
666,6x6x6 Cube,Ireland,1,Average
666,6x6x6 Cube,Ireland,1,Single
666,6x6x6 Cube,Malaysia,3,Average
666,6x6x6 Cube,Malaysia,3,Single
666,6x6x6 Cube,Mexico,2,Average
666,6x6x6 Cube,Mexico,1,Single
666,6x6x6 Cube,Netherlands,1,Average
666,6x6x6 Cube,Netherlands,2,Single
666,6x6x6 Cube,New Zealand,1,Single
666,6x6x6 Cube,Norway,3,Average
666,6x6x6 Cube,Norway,1,Single
666,6x6x6 Cube,Peru,1,Average
666,6x6x6 Cube,Peru,1,Single
666,6x6x6 Cube,Philippines,2,Average
666,6x6x6 Cube,Philippines,2,Single
666,6x6x6 Cube,Poland,4,Average
666,6x6x6 Cube,Poland,3,Single
666,6x6x6 Cube,Republic of Korea,5,Average
666,6x6x6 Cube,Republic of Korea,3,Single
666,6x6x6 Cube,Romania,1,Average
666,6x6x6 Cube,Romania,1,Single
666,6x6x6 Cube,Russia,1,Average
666,6x6x6 Cube,Russia,1,Single
666,6x6x6 Cube,Singapore,4,Average
666,6x6x6 Cube,Singapore,5,Single
666,6x6x6 Cube,Slovakia,1,Average
666,6x6x6 Cube,Slovakia,1,Single
666,6x6x6 Cube,South Africa,1,Average
666,6x6x6 Cube,South Africa,1,Single
666,6x6x6 Cube,Spain,1,Single
666,6x6x6 Cube,Sweden,1,Average
666,6x6x6 Cube,Switzerland,2,Average
666,6x6x6 Cube,Switzerland,2,Single
666,6x6x6 Cube,Thailand,2,Average
666,6x6x6 Cube,Thailand,1,Single
666,6x6x6 Cube,United Kingdom,1,Average
666,6x6x6 Cube,United Kingdom,1,Single
666,6x6x6 Cube,United States,29,Average
666,6x6x6 Cube,United States,30,Single
666,6x6x6 Cube,Vietnam,2,Average
666,6x6x6 Cube,Vietnam,1,Single
777,7x7x7 Cube,Argentina,1,Average
777,7x7x7 Cube,Argentina,2,Single
777,7x7x7 Cube,Australia,2,Average
777,7x7x7 Cube,Australia,2,Single
777,7x7x7 Cube,Brazil,1,Single
777,7x7x7 Cube,Canada,2,Average
777,7x7x7 Cube,Canada,3,Single
777,7x7x7 Cube,China,10,Average
777,7x7x7 Cube,China,10,Single
777,7x7x7 Cube,Chinese Taipei,8,Average
777,7x7x7 Cube,Chinese Taipei,7,Single
777,7x7x7 Cube,Colombia,1,Average
777,7x7x7 Cube,Colombia,1,Single
777,7x7x7 Cube,Denmark,1,Average
777,7x7x7 Cube,Denmark,1,Single
777,7x7x7 Cube,France,2,Average
777,7x7x7 Cube,France,2,Single
777,7x7x7 Cube,Germany,4,Average
777,7x7x7 Cube,Germany,3,Single
777,7x7x7 Cube,"Hong Kong, China",4,Average
777,7x7x7 Cube,"Hong Kong, China",4,Single
777,7x7x7 Cube,India,2,Average
777,7x7x7 Cube,India,2,Single
777,7x7x7 Cube,Indonesia,2,Average
777,7x7x7 Cube,Indonesia,2,Single
777,7x7x7 Cube,Ireland,1,Average
777,7x7x7 Cube,Ireland,1,Single
777,7x7x7 Cube,Italy,1,Average
777,7x7x7 Cube,Italy,1,Single
777,7x7x7 Cube,Malaysia,2,Average
777,7x7x7 Cube,Malaysia,2,Single
777,7x7x7 Cube,Mexico,2,Average
777,7x7x7 Cube,Mexico,1,Single
777,7x7x7 Cube,New Zealand,1,Average
777,7x7x7 Cube,Norway,1,Average
777,7x7x7 Cube,Norway,3,Single
777,7x7x7 Cube,Peru,1,Average
777,7x7x7 Cube,Peru,1,Single
777,7x7x7 Cube,Philippines,2,Average
777,7x7x7 Cube,Philippines,2,Single
777,7x7x7 Cube,Poland,2,Average
777,7x7x7 Cube,Poland,2,Single
777,7x7x7 Cube,Republic of Korea,7,Average
777,7x7x7 Cube,Republic of Korea,6,Single
777,7x7x7 Cube,Romania,1,Average
777,7x7x7 Cube,Romania,1,Single
777,7x7x7 Cube,Russia,2,Average
777,7x7x7 Cube,Russia,1,Single
777,7x7x7 Cube,Singapore,4,Average
777,7x7x7 Cube,Singapore,5,Single
777,7x7x7 Cube,Slovakia,1,Average
777,7x7x7 Cube,Slovakia,1,Single
777,7x7x7 Cube,South Africa,1,Average
777,7x7x7 Cube,South Africa,1,Single
777,7x7x7 Cube,Spain,1,Average
777,7x7x7 Cube,Spain,2,Single
777,7x7x7 Cube,Switzerland,2,Average
777,7x7x7 Cube,Switzerland,2,Single
777,7x7x7 Cube,Thailand,1,Average
777,7x7x7 Cube,Thailand,1,Single
777,7x7x7 Cube,United Kingdom,2,Average
777,7x7x7 Cube,United Kingdom,2,Single
777,7x7x7 Cube,United States,23,Average
777,7x7x7 Cube,United States,23,Single
777,7x7x7 Cube,Vietnam,3,Average
777,7x7x7 Cube,Vietnam,3,Single
clock,Clock,Australia,4,Average
clock,Clock,Australia,4,Single
clock,Clock,Austria,1,Average
clock,Clock,Brazil,1,Single
clock,Clock,Canada,1,Average
clock,Clock,Canada,2,Single
clock,Clock,China,1,Average
clock,Clock,China,1,Single
clock,Clock,Chinese Taipei,1,Average
clock,Clock,Czech Republic,1,Average
clock,Clock,Czech Republic,1,Single
clock,Clock,Denmark,1,Average
clock,Clock,Denmark,1,Single
clock,Clock,Estonia,1,Average
clock,Clock,Estonia,1,Single
clock,Clock,Finland,2,Average
clock,Clock,Finland,1,Single
clock,Clock,France,2,Single
clock,Clock,Germany,2,Average
clock,Clock,Germany,2,Single
clock,Clock,"Hong Kong, China",1,Average
clock,Clock,Hungary,1,Average
clock,Clock,Hungary,1,Single
clock,Clock,India,2,Average
clock,Clock,India,1,Single
clock,Clock,Ireland,1,Average
clock,Clock,Ireland,1,Single
clock,Clock,Israel,1,Average
clock,Clock,Italy,1,Average
clock,Clock,Italy,1,Single
clock,Clock,Japan,1,Single
clock,Clock,Malaysia,1,Average
clock,Clock,Malaysia,1,Single
clock,Clock,Mexico,1,Single
clock,Clock,Mongolia,1,Average
clock,Clock,Mongolia,1,Single
clock,Clock,Netherlands,3,Average
clock,Clock,Netherlands,3,Single
clock,Clock,New Zealand,4,Average
clock,Clock,New Zealand,4,Single
clock,Clock,Norway,2,Average
clock,Clock,Norway,4,Single
clock,Clock,Philippines,2,Average
clock,Clock,Philippines,2,Single
clock,Clock,Poland,13,Average
clock,Clock,Poland,12,Single
clock,Clock,Russia,2,Average
clock,Clock,Russia,1,Single
clock,Clock,Singapore,4,Average
clock,Clock,Singapore,4,Single
clock,Clock,Spain,1,Average
clock,Clock,Spain,2,Single
clock,Clock,Sweden,1,Average
clock,Clock,Sweden,2,Single
clock,Clock,Switzerland,3,Average
clock,Clock,Ukraine,1,Average
clock,Clock,Ukraine,1,Single
clock,Clock,United Kingdom,7,Average
clock,Clock,United Kingdom,8,Single
clock,Clock,United States,33,Average
clock,Clock,United States,31,Single
clock,Clock,Uruguay,1,Average
clock,Clock,Uruguay,1,Single
clock,Clock,Vietnam,1,Average
clock,Clock,Vietnam,1,Single
magic,Magic,Australia,1,Average
magic,Magic,Australia,1,Single
magic,Magic,Brazil,1,Single
magic,Magic,Canada,3,Average
magic,Magic,Chile,2,Single
magic,Magic,China,28,Average
magic,Magic,China,30,Single
magic,Magic,Chinese Taipei,3,Average
magic,Magic,Denmark,1,Average
magic,Magic,Denmark,1,Single
magic,Magic,Finland,1,Average
magic,Magic,France,2,Average
magic,Magic,France,2,Single
magic,Magic,Germany,4,Average
magic,Magic,Germany,2,Single
magic,Magic,"Hong Kong, China",6,Average
magic,Magic,"Hong Kong, China",5,Single
magic,Magic,Hungary,5,Average
magic,Magic,Hungary,5,Single
magic,Magic,Indonesia,6,Average
magic,Magic,Indonesia,9,Single
magic,Magic,Iran,1,Average
magic,Magic,Iran,3,Single
magic,Magic,Italy,2,Average
magic,Magic,Italy,2,Single
magic,Magic,Japan,6,Average
magic,Magic,Japan,6,Single
magic,Magic,"Macau, China",1,Average
magic,Magic,"Macau, China",1,Single
magic,Magic,Malaysia,1,Average
magic,Magic,Mexico,1,Average
magic,Magic,Mexico,1,Single
magic,Magic,Netherlands,1,Average
magic,Magic,Netherlands,1,Single
magic,Magic,Philippines,1,Average
magic,Magic,Philippines,2,Single
magic,Magic,Poland,7,Average
magic,Magic,Poland,4,Single
magic,Magic,Republic of Korea,3,Average
magic,Magic,Republic of Korea,5,Single
magic,Magic,Russia,1,Average
magic,Magic,Russia,1,Single
magic,Magic,Spain,1,Average
magic,Magic,Spain,1,Single
magic,Magic,Sweden,2,Average
magic,Magic,Sweden,3,Single
magic,Magic,Thailand,3,Average
magic,Magic,Thailand,5,Single
magic,Magic,Ukraine,1,Average
magic,Magic,Ukraine,1,Single
magic,Magic,United Kingdom,1,Average
magic,Magic,United Kingdom,1,Single
magic,Magic,United States,12,Average
magic,Magic,United States,10,Single
minx,Megaminx,Argentina,3,Average
minx,Megaminx,Argentina,3,Single
minx,Megaminx,Australia,3,Average
minx,Megaminx,Australia,3,Single
minx,Megaminx,Brazil,2,Average
minx,Megaminx,Brazil,2,Single
minx,Megaminx,Canada,2,Average
minx,Megaminx,Canada,3,Single
minx,Megaminx,Chile,1,Average
minx,Megaminx,Chile,1,Single
minx,Megaminx,China,5,Average
minx,Megaminx,China,6,Single
minx,Megaminx,Chinese Taipei,2,Average
minx,Megaminx,Chinese Taipei,2,Single
minx,Megaminx,Colombia,1,Average
minx,Megaminx,Colombia,1,Single
minx,Megaminx,Denmark,1,Average
minx,Megaminx,Finland,1,Average
minx,Megaminx,Finland,1,Single
minx,Megaminx,France,5,Average
minx,Megaminx,France,5,Single
minx,Megaminx,Germany,4,Average
minx,Megaminx,Germany,4,Single
minx,Megaminx,"Hong Kong, China",2,Average
minx,Megaminx,"Hong Kong, China",2,Single
minx,Megaminx,Hungary,1,Average
minx,Megaminx,Hungary,1,Single
minx,Megaminx,India,2,Average
minx,Megaminx,India,2,Single
minx,Megaminx,Indonesia,1,Average
minx,Megaminx,Indonesia,1,Single
minx,Megaminx,Ireland,1,Average
minx,Megaminx,Ireland,1,Single
minx,Megaminx,Italy,1,Average
minx,Megaminx,Italy,1,Single
minx,Megaminx,Japan,1,Average
minx,Megaminx,Japan,1,Single
minx,Megaminx,Malaysia,1,Average
minx,Megaminx,Malaysia,1,Single
minx,Megaminx,Mexico,1,Average
minx,Megaminx,Mexico,2,Single
minx,Megaminx,Netherlands,1,Average
minx,Megaminx,Netherlands,1,Single
minx,Megaminx,New Zealand,2,Average
minx,Megaminx,New Zealand,2,Single
minx,Megaminx,Pakistan,1,Single
minx,Megaminx,Peru,2,Average
minx,Megaminx,Peru,2,Single
minx,Megaminx,Philippines,1,Average
minx,Megaminx,Poland,6,Average
minx,Megaminx,Poland,4,Single
minx,Megaminx,Republic of Korea,6,Average
minx,Megaminx,Republic of Korea,5,Single
minx,Megaminx,Romania,1,Average
minx,Megaminx,Romania,1,Single
minx,Megaminx,Russia,1,Average
minx,Megaminx,Russia,2,Single
minx,Megaminx,Singapore,3,Average
minx,Megaminx,Singapore,3,Single
minx,Megaminx,Slovakia,1,Average
minx,Megaminx,Spain,3,Average
minx,Megaminx,Spain,2,Single
minx,Megaminx,Sweden,1,Average
minx,Megaminx,Sweden,2,Single
minx,Megaminx,Switzerland,1,Average
minx,Megaminx,Switzerland,1,Single
minx,Megaminx,Thailand,1,Average
minx,Megaminx,Thailand,1,Single
minx,Megaminx,Ukraine,4,Average
minx,Megaminx,Ukraine,4,Single
minx,Megaminx,United Kingdom,3,Average
minx,Megaminx,United Kingdom,3,Single
minx,Megaminx,United States,23,Average
minx,Megaminx,United States,24,Single
minx,Megaminx,Vietnam,1,Average
minx,Megaminx,Vietnam,1,Single
mmagic,Master Magic,Austria,2,Average
mmagic,Master Magic,Austria,1,Single
mmagic,Master Magic,Canada,1,Average
mmagic,Master Magic,Canada,1,Single
mmagic,Master Magic,China,34,Average
mmagic,Master Magic,China,31,Single
mmagic,Master Magic,Colombia,1,Single
mmagic,Master Magic,Czech Republic,1,Single
mmagic,Master Magic,France,1,Average
mmagic,Master Magic,France,2,Single
mmagic,Master Magic,Germany,4,Average
mmagic,Master Magic,Germany,3,Single
mmagic,Master Magic,"Hong Kong, China",5,Average
mmagic,Master Magic,"Hong Kong, China",6,Single
mmagic,Master Magic,Hungary,7,Average
mmagic,Master Magic,Hungary,6,Single
mmagic,Master Magic,Indonesia,7,Average
mmagic,Master Magic,Indonesia,9,Single
mmagic,Master Magic,Iran,4,Average
mmagic,Master Magic,Iran,5,Single
mmagic,Master Magic,Italy,1,Average
mmagic,Master Magic,Italy,1,Single
mmagic,Master Magic,Japan,6,Average
mmagic,Master Magic,Japan,5,Single
mmagic,Master Magic,"Macau, China",1,Single
mmagic,Master Magic,Malaysia,1,Single
mmagic,Master Magic,Mexico,1,Average
mmagic,Master Magic,Mexico,1,Single
mmagic,Master Magic,Norway,1,Average
mmagic,Master Magic,Poland,6,Average
mmagic,Master Magic,Poland,5,Single
mmagic,Master Magic,Portugal,1,Average
mmagic,Master Magic,Portugal,1,Single
mmagic,Master Magic,Republic of Korea,3,Average
mmagic,Master Magic,Republic of Korea,5,Single
mmagic,Master Magic,Russia,2,Average
mmagic,Master Magic,Russia,2,Single
mmagic,Master Magic,Spain,1,Single
mmagic,Master Magic,Sweden,1,Average
mmagic,Master Magic,Thailand,1,Average
mmagic,Master Magic,Thailand,2,Single
mmagic,Master Magic,Ukraine,2,Average
mmagic,Master Magic,Ukraine,1,Single
mmagic,Master Magic,United Kingdom,2,Average
mmagic,Master Magic,United Kingdom,1,Single
mmagic,Master Magic,United States,10,Average
mmagic,Master Magic,United States,11,Single
pyram,Pyraminx,Argentina,1,Average
pyram,Pyraminx,Argentina,2,Single
pyram,Pyraminx,Australia,6,Average
pyram,Pyraminx,Australia,4,Single
pyram,Pyraminx,Canada,2,Average
pyram,Pyraminx,Canada,1,Single
pyram,Pyraminx,Chile,1,Average
pyram,Pyraminx,China,13,Average
pyram,Pyraminx,China,5,Single
pyram,Pyraminx,Chinese Taipei,1,Average
pyram,Pyraminx,Chinese Taipei,4,Single
pyram,Pyraminx,Colombia,1,Single
pyram,Pyraminx,Czech Republic,3,Average
pyram,Pyraminx,Czech Republic,2,Single
pyram,Pyraminx,Denmark,1,Single
pyram,Pyraminx,Estonia,1,Average
pyram,Pyraminx,Finland,1,Average
pyram,Pyraminx,France,2,Average
pyram,Pyraminx,France,1,Single
pyram,Pyraminx,Georgia,1,Average
pyram,Pyraminx,Hungary,2,Single
pyram,Pyraminx,India,4,Average
pyram,Pyraminx,India,3,Single
pyram,Pyraminx,Indonesia,2,Average
pyram,Pyraminx,Ireland,1,Average
pyram,Pyraminx,Israel,2,Average
pyram,Pyraminx,Israel,2,Single
pyram,Pyraminx,Italy,2,Average
pyram,Pyraminx,Italy,1,Single
pyram,Pyraminx,Japan,2,Average
pyram,Pyraminx,Malaysia,1,Single
pyram,Pyraminx,Mexico,1,Average
pyram,Pyraminx,Mexico,1,Single
pyram,Pyraminx,Netherlands,2,Average
pyram,Pyraminx,Netherlands,1,Single
pyram,Pyraminx,New Zealand,5,Average
pyram,Pyraminx,New Zealand,7,Single
pyram,Pyraminx,Norway,3,Average
pyram,Pyraminx,Norway,2,Single
pyram,Pyraminx,Peru,1,Average
pyram,Pyraminx,Peru,3,Single
pyram,Pyraminx,Philippines,1,Single
pyram,Pyraminx,Poland,9,Average
pyram,Pyraminx,Poland,10,Single
pyram,Pyraminx,Republic of Korea,2,Average
pyram,Pyraminx,Republic of Korea,1,Single
pyram,Pyraminx,Romania,1,Average
pyram,Pyraminx,Romania,1,Single
pyram,Pyraminx,Russia,2,Average
pyram,Pyraminx,Russia,2,Single
pyram,Pyraminx,Singapore,1,Single
pyram,Pyraminx,Slovakia,2,Single
pyram,Pyraminx,Slovenia,1,Single
pyram,Pyraminx,Spain,2,Average
pyram,Pyraminx,Spain,1,Single
pyram,Pyraminx,Sweden,2,Average
pyram,Pyraminx,Sweden,2,Single
pyram,Pyraminx,Switzerland,1,Single
pyram,Pyraminx,United Kingdom,3,Average
pyram,Pyraminx,United Kingdom,4,Single
pyram,Pyraminx,United States,28,Average
pyram,Pyraminx,United States,30,Single
pyram,Pyraminx,Uruguay,1,Single
pyram,Pyraminx,Vietnam,1,Average
skewb,Skewb,Argentina,1,Average
skewb,Skewb,Argentina,1,Single
skewb,Skewb,Australia,2,Average
skewb,Skewb,Australia,12,Single
skewb,Skewb,Belgium,1,Average
skewb,Skewb,Belgium,1,Single
skewb,Skewb,Bulgaria,1,Single
skewb,Skewb,Canada,1,Average
skewb,Skewb,Canada,1,Single
skewb,Skewb,Chile,1,Average
skewb,Skewb,Chile,1,Single
skewb,Skewb,China,10,Average
skewb,Skewb,China,6,Single
skewb,Skewb,Chinese Taipei,1,Average
skewb,Skewb,Chinese Taipei,1,Single
skewb,Skewb,Colombia,2,Average
skewb,Skewb,Colombia,1,Single
skewb,Skewb,Czech Republic,2,Average
skewb,Skewb,Czech Republic,2,Single
skewb,Skewb,Denmark,3,Average
skewb,Skewb,Denmark,2,Single
skewb,Skewb,Finland,1,Average
skewb,Skewb,Finland,1,Single
skewb,Skewb,France,3,Average
skewb,Skewb,France,3,Single
skewb,Skewb,Germany,2,Average
skewb,Skewb,Germany,2,Single
skewb,Skewb,Hungary,1,Average
skewb,Skewb,Hungary,1,Single
skewb,Skewb,India,2,Average
skewb,Skewb,India,1,Single
skewb,Skewb,Indonesia,1,Average
skewb,Skewb,Indonesia,1,Single
skewb,Skewb,Ireland,2,Average
skewb,Skewb,Italy,2,Average
skewb,Skewb,Italy,2,Single
skewb,Skewb,Japan,1,Average
skewb,Skewb,Malaysia,4,Single
skewb,Skewb,Mexico,3,Average
skewb,Skewb,Mexico,2,Single
skewb,Skewb,Netherlands,1,Average
skewb,Skewb,Netherlands,1,Single
skewb,Skewb,New Zealand,1,Average
skewb,Skewb,New Zealand,2,Single
skewb,Skewb,Norway,1,Average
skewb,Skewb,Peru,1,Average
skewb,Skewb,Peru,1,Single
skewb,Skewb,Philippines,1,Single
skewb,Skewb,Poland,12,Average
skewb,Skewb,Poland,15,Single
skewb,Skewb,Republic of Korea,1,Average
skewb,Skewb,Republic of Korea,1,Single
skewb,Skewb,Romania,1,Single
skewb,Skewb,Russia,2,Average
skewb,Skewb,Russia,1,Single
skewb,Skewb,Singapore,1,Average
skewb,Skewb,Singapore,2,Single
skewb,Skewb,Spain,5,Average
skewb,Skewb,Spain,8,Single
skewb,Skewb,Sweden,3,Average
skewb,Skewb,Sweden,1,Single
skewb,Skewb,Ukraine,4,Average
skewb,Skewb,Ukraine,2,Single
skewb,Skewb,United Kingdom,3,Average
skewb,Skewb,United States,22,Average
skewb,Skewb,United States,23,Single
skewb,Skewb,Vietnam,1,Average
sq1,Square-1,Argentina,1,Average
sq1,Square-1,Argentina,1,Single
sq1,Square-1,Australia,4,Average
sq1,Square-1,Australia,6,Single
sq1,Square-1,Brazil,2,Average
sq1,Square-1,Brazil,2,Single
sq1,Square-1,Canada,2,Average
sq1,Square-1,Canada,2,Single
sq1,Square-1,China,5,Average
sq1,Square-1,China,1,Single
sq1,Square-1,Chinese Taipei,3,Average
sq1,Square-1,Chinese Taipei,3,Single
sq1,Square-1,Colombia,1,Average
sq1,Square-1,Colombia,1,Single
sq1,Square-1,Czech Republic,2,Average
sq1,Square-1,Denmark,2,Average
sq1,Square-1,Denmark,2,Single
sq1,Square-1,Finland,1,Average
sq1,Square-1,Finland,1,Single
sq1,Square-1,France,1,Average
sq1,Square-1,France,2,Single
sq1,Square-1,"Hong Kong, China",1,Single
sq1,Square-1,Indonesia,1,Average
sq1,Square-1,Indonesia,2,Single
sq1,Square-1,Italy,3,Average
sq1,Square-1,Italy,3,Single
sq1,Square-1,Japan,2,Average
sq1,Square-1,Japan,1,Single
sq1,Square-1,Lithuania,1,Single
sq1,Square-1,Malaysia,1,Average
sq1,Square-1,Malaysia,3,Single
sq1,Square-1,Mexico,1,Average
sq1,Square-1,Mexico,1,Single
sq1,Square-1,Netherlands,2,Average
sq1,Square-1,Netherlands,3,Single
sq1,Square-1,New Zealand,1,Average
sq1,Square-1,New Zealand,1,Single
sq1,Square-1,Peru,1,Average
sq1,Square-1,Peru,1,Single
sq1,Square-1,Poland,6,Average
sq1,Square-1,Poland,6,Single
sq1,Square-1,Republic of Korea,5,Average
sq1,Square-1,Republic of Korea,4,Single
sq1,Square-1,Romania,1,Average
sq1,Square-1,Russia,1,Average
sq1,Square-1,Singapore,2,Average
sq1,Square-1,Singapore,2,Single
sq1,Square-1,Spain,1,Average
sq1,Square-1,Spain,1,Single
sq1,Square-1,Sweden,1,Average
sq1,Square-1,Sweden,1,Single
sq1,Square-1,Switzerland,1,Average
sq1,Square-1,Switzerland,1,Single
sq1,Square-1,Ukraine,1,Single
sq1,Square-1,United Kingdom,2,Average
sq1,Square-1,United Kingdom,4,Single
sq1,Square-1,United States,46,Average
sq1,Square-1,United States,43,Single
